metric,value
rmse,23.035788924980622
mae,19.430887810981197
periodicity_gap,36.358333333331
spike_shape_corr,0.9999727233180973
